title;authors;publication_year;partial_text
Understanding web query interfaces: Best-effort parsing with hidden syntax;Z Zhang, B He, KCC Chang;2004 ; grammar derivation problem, while ours a parsing problem with the hypothesis of a hidden  and texts in the forms, while we explore a parsing paradigm with a hidden syntax to derive a 
Tailoring continuous word representations for dependency parsing;M Bansal, K Gimpel, K Livescu;2014 ; We find that all embeddings yield significant parsing gains, including some recent ones that  For Web parsing, we still train on WSJ 02-21, but test on the five Web domains (answers, 
Perl & LWP: Fetching Web Pages, Parsing HTML, Writing Spiders & More;SM Burke;2002 ; Cooperating with proxy caches Writing web spiders (also known  Programs to extract information from the web sites of BBC  Perl programmers who want to automate and mine the web 
GlossaNet: Parsing a web site as a corpus;C Fairon;1998 ; Web sites. On dates and at intervals selected by the user, GlossaNet downloads the Web site In fact, it allows the parsing of a Web site exactly as  parses a corpus. Thus, like 
Overview of the 2012 shared task on parsing the web;S Petrov, R McDonald;2012 ; parsing web text from the Google Web Treebank. Participants were to build a single parsing  text that is commonly encountered on the web. There was a constituency and a dependency 
From news to comment: Resources and benchmarks for parsing the language of web 2.0;J Foster, O Cetinoglu, J Wagner, J Le Roux, J Nivre;2011 ; We investigate the problem of parsing the noisy language of  Stanford dependencies for these Web 2.0 sentences. We find  experiment with this idea in the context of Web 2.0 parsing. 
Client-Server System for Parsing Data from Web Pages;A Britvin, JH Alrawashdeh;2022 ; parsing programming languages and the use of web parsing tools have some common advantages. Among the main advantages of data parsing are:  extract from millions of web pages. 
A web-based instructional platform for contraint-based grammar formalisms and parsing;D Meurers, G Penn, F Richter;2002 ; On the other hand, to successfully shift from seminarstyle to web-based training we believe it is essential to do this based on a scientific understanding of the nature and possibilities of
Detection of web-based attacks through Markovian protocol parsing;JM Esteve;2005 ;This paper presents a novel approach based on the monitoring of incoming HTTP requests to detect attacks against Web servers. The detection is accomplished through a Markovian 
Yahoo! for Amazon: Sentiment parsing from small talk on the web;SR Das, MY Chen;2001 ; web, there has been a sharp increase in the influence of individuals on the stock market via web- This paper comprises (a) a technology for extracting small investor sentiment from web 
Re-tooling the network: Parsing the links and codes of the web world;G Elmer;2006 ; Fiscetti, 1999), web pages became separate and distinct nodes within the network we call the world wide web. In other words, web pages and sites became property to be managed by 
A URI parsing technique and algorithm for anti-pattern detection in RESTful Web services;FS Alshraiedeh, N Katuk;2020 ; URI parsing, a technique that analyses the URI string and spots a specific syntax or grammar that matches the given rules or corpus. The URI parsing  This study proposed a URI parsing 
Drain: An online log parsing approach with fixed depth tree;P He, J Zhu, Z Zheng, MR Lyu;2017 ; Thus, current systems highly demand online log parsing, which is only  parsing in modern Web service or Web service based systems. In this paper, we propose an online log parsing 
Evaluating semantic parsing against a simple web-based question answering model;A Talmor, M Geva, J Berant;2017 ; from a single web document. In this paper, we propose to evaluate semantic parsing-based  baseline that queries the web and extracts the answer only from web snippets, without 
SPRING Goes Online: End-to-End AMR Parsing and Generation;R Blloshmi, M Bevilacqua, E Fabiano;2021 ;" , a Web interface and RESTful APIs for our state-of-the-art AMR parsing and generation  abstract = ""In this paper we present SPRING Online Services, a Web interface and RESTful "
Towards domain adaptation for parsing web data;M Khan, M Dickinson, S Kbler;2013 ;We improve upon a previous line of work for parsing web data, by exploring the impact of different decisions regarding the training data. First, we compare training on automatically POS-
An empirical investigation of word representations for parsing the web;S Hisamoto, K Duh, Y Matsumoto;2013 ; Current syntactic parsing has been focused on canonical data such as newswires. When  web data, barely over 80%. In order to make progress in many applications that rely on parsing, 
Shapaqa: Shallow parsing for question answering on the world wide web;S Buchholz, W Daelemans;2001 ;We introduce shapaqa, a shallow parsing approach to online, open-domain question answering on the WorldWideWeb. Given a form-based natural language question as input, the 
Syntactic parsing of web queries;X Sun, H Wang, Y Xiao, Z Wang;2016 ; web queries. In this paper, we propose an end-to-end solution from treebank construction to  parsing for web queries. Our model achieves a UAS of 0.830 and an LAS of 0.747 on web 
Interactive predictive parsing using a web-based architecture;R Snche;2010 ; This paper introduces a Web-based demonstration of an interactive-predictive framework for syntactic tree annotation, where the user is tightly integrated into the interactive parsing 
Leveraging knowledge graphs for web-scale unsupervised semantic parsing;L Heck, D Hakkan;2013 ; [13], we propose a new method for semantic parsing of entities based on the entity-relation- We leverage these patterns to induce semantic parsing grammars or templates, and then 
Web-scale features for full-scale parsing;M Bansal, D Klein;2011 ; This work uses a large web-scale corpus (Google n-grams) to compute features for the full parsing task. To show end-to-end effectiveness, we incorporate our features into state-of-the-
Compound feature recognition by web grammar parsing;SH Chuang, MR Henderson;1991 ; to a web representation (a node-labeled graph) which is the input of a web parsing system for feature recognition. And a compound feature is described as a web grammar. From the 
Exploiting the semantic web for unsupervised natural language semantic parsing;G Tur, M Jeong, YY Wang, D Hakkan;2012 ; the semantic web experience and statistical natural language semantic parsing modeling.  populating knowledgebases by semantically parsing structured web pages may provide very 
A table-driven streaming xml parsing methodology for high-performance web services;W Zhang, R Van Engelen;2006 ;This paper presents a table-driven streaming XML parsing methodology, called TDX. TDX expedites XML parsing by pre-recording the states of an XML parser in tabular form and by 
Exploiting web-derived selectional preference to improve statistical dependency parsing;G Zhou, J Zhao, K Liu, L Cai;2011 ; However, we explore the webscale data for dependency parsing, the performance  web-derived selectional preference has not been successfully applied to dependency parsing
Using web-scale N-grams to improve base NP parsing performance;E Pitler, S Bergsma, D Lin, K Church;2010 ;We use web-scale N-grams in a base NP parser that correctly analyzes 95.4% of the base NPs in natural text. Web-scale data improves performance. That is, there is no data like more 
Syntactic parsing of web queries with question intent;Y Pinter, R Reichart, I Szpektor;2016 ; Second, we develop two CQA query parsing algorithms that  Web attracts considerable NLP research attention (eg Eisenstein (2013)). Here we focus on grammar and parsing of Web 
Application of structured document parsing to focused web crawling;A Patel, N Schmidt;2011 ;The performance of a focused, or topic-specific Web robot can be improved by taking into consideration the structure of the documents downloaded by the robot. In the case of HTML, 
Parsing the meaning of Web 2.0;B Orr;2007 ; hierarchical universe, Web 2.0 may look like the invasion of the barbarians. Web 2.0 is a  In some sense, bankers can be excused for waiting and seeing whether Web 2.0 is for real 
